rank,totalRankScore,priceRankScore,reviewRankScore,id,title,dates,totalPrice,totalPriceRank,reviewScore,reviewScoreString,reviewScoreRank,url,nightlyRateDisplay,nights,nightlyTotalDisplay,nightlyTotalDisplayPercent,cleaningFee,airbnbFee,feeTotal,feePercent,beds,priceRank,Kitchen,Wifi,Dedicated workspace,Free street parking,Pets allowed,TV,Free washer – In unit,Luggage dropoff allowed,Carbon monoxide alarm,Smoke alarm,Free parking on premises,Air conditioning,Exterior security cameras on property,Pool,Washer,AC - split type ductless system,Private patio or balcony,Elevator,Free dryer – In unit,Hair dryer,Mountain view,City skyline view,Free carport on premises,Shared outdoor pool - available all year, open specific hours, rooftop,40 inch HDTV with premium cable,Fast wifi – 129 Mbps,32 inch HDTV with Amazon Prime Video, Disney+, Netflix,Paid washer – In unit,Free parking garage on premises – 1 space,Sauna,HDTV,TV with standard cable,Patio or balcony,Fast wifi – 101 Mbps,Shared sauna,43 inch HDTV with Amazon Prime Video, Disney+, Netflix, premium cable,Private indoor pool - available all year, open specific hours,Shared hot tub,37 inch HDTV with standard cable,Shared backyard – Fully fenced,50 inch HDTV with premium cable,Dryer,Portable air conditioning,Refrigerator
1,180,90,90,974605556078144187,Apartment in Girón,01/18/25 - 01/21/25,49,1,5,5.0 (12),1,https://www.airbnb.com/rooms/974605556078144187?check_in=2025-01-19&guests=1&adults=1&check_out=2025-01-22,12,3,37,0.7551020408163265,5,7,12,0.24489795918367346,2 beds,1,true,true,true,true,true,true,true,true,false,false,,,,,,,,,,,,,,,,,,,,,,,,,,,,,,,,,,
2,155,65,90,23375011,Apartment in Bucaramanga,01/18/25 - 01/21/25,92,6,5,5.0 (10),1,https://www.airbnb.com/rooms/23375011?check_in=2025-01-19&guests=1&adults=1&check_out=2025-01-22,23,3,68,0.7391304347826086,11,13,24,0.2608695652173913,,2,true,true,true,,true,true,,,false,false,true,true,true,,,,,,,,,,,,,,,,,,,,,,,,,,,,,,,
4,145,55,90,1283504688149755779,Apartment in Girón,01/18/25 - 01/21/25,107,8,5,5.0 (4),1,https://www.airbnb.com/rooms/1283504688149755779?check_in=2025-01-19&guests=1&adults=1&check_out=2025-01-22,31,3,97,0.9065420560747663,0,15,15,0.14018691588785046,,4,true,true,,,true,true,,,false,,true,,,true,true,true,true,,,,,,,,,,,,,,,,,,,,,,,,,,,
7,130,40,90,1079193609530257475,Apartment in Bucaramanga,01/18/25 - 01/21/25,132,11,5,5.0 (7),1,https://www.airbnb.com/rooms/1079193609530257475?check_in=2025-01-19&guests=1&adults=1&check_out=2025-01-22,34,3,102,0.7727272727272727,11,19,30,0.22727272727272727,,7,true,true,,,,true,,,false,false,true,,,true,,,,,,,,,,,,,,,,,,,,,,,,,,,,,,
12,105,15,90,1173291275831695504,Apartment in Floridablanca,01/18/25 - 01/21/25,145,16,5,5.0 (7),1,https://www.airbnb.com/rooms/1173291275831695504?check_in=2025-01-19&guests=1&adults=1&check_out=2025-01-22,36,3,109,0.7517241379310344,16,20,36,0.2482758620689655,2 beds,12,true,true,,,,true,,true,false,,true,true,true,,true,,,true,,,,,,,,,,,,,,,,,,,,,,,,,,
16,95,10,85,1003787628675833597,Apartment in Floridablanca,01/18/25 - 01/21/25,156,17,4.96,4.96 (25),2,https://www.airbnb.com/rooms/1003787628675833597?check_in=2025-01-19&guests=1&adults=1&check_out=2025-01-22,37,3,112,0.717948717948718,22,22,44,0.28205128205128205,,16,true,true,true,,,true,,,false,,true,true,,,true,,,true,true,,,,,,,,,,,,,,,,,,,,,,,,,
9,115,35,80,47176985,Apartment in Bucaramanga,01/18/25 - 01/21/25,140,12,4.95,4.95 (55),3,https://www.airbnb.com/rooms/47176985?check_in=2025-01-19&guests=1&adults=1&check_out=2025-01-22,37,3,111,0.7928571428571428,9,20,29,0.20714285714285716,,9,true,true,true,,,true,,,false,,true,true,,,true,,true,,,true,,,,,,,,,,,,,,,,,,,,,,,,
13,105,25,80,549851161295425732,Condo in Bucaramanga,01/18/25 - 01/21/25,143,14,4.95,4.95 (41),3,https://www.airbnb.com/rooms/549851161295425732?check_in=2025-01-19&guests=1&adults=1&check_out=2025-01-22,36,3,109,0.7622377622377622,14,20,34,0.23776223776223776,,13,true,true,true,,true,,,,,,,,,,,,,true,,,true,true,true,true,true,,,,,,,,,,,,,,,,,,,
3,155,80,75,1242095031946631179,Apartment in Bucaramanga,01/18/25 - 01/21/25,79,3,4.94,4.94 (17),4,https://www.airbnb.com/rooms/1242095031946631179?check_in=2025-01-19&guests=1&adults=1&check_out=2025-01-22,23,3,68,0.8607594936708861,0,11,11,0.13924050632911392,,3,true,true,true,,true,true,,,false,false,,,true,,true,,,true,,,,,,,,,,,,,,,,,,,,,,,,,,
5,135,60,75,1139818050493671323,Apartment in Bucaramanga,01/18/25 - 01/21/25,100,7,4.94,4.94 (18),4,https://www.airbnb.com/rooms/1139818050493671323?check_in=2025-01-19&guests=1&adults=1&check_out=2025-01-22,26,3,78,0.78,8,14,22,0.22,,5,true,true,,,true,true,,,false,,true,,true,,true,,,,,,,true,,,,,,,,,,,,,,,,,,,,,,
14,100,30,70,1037697609365093218,Apartment in Bucaramanga,01/18/25 - 01/21/25,141,13,4.93,4.93 (27),5,https://www.airbnb.com/rooms/1037697609365093218?check_in=2025-01-19&guests=1&adults=1&check_out=2025-01-22,37,3,110,0.7801418439716312,11,20,31,0.2198581560283688,2 single beds,14,true,,true,true,,,,true,false,false,,,true,,,,,,,,,,,,,true,true,true,,,,,,,,,,,,,,,,
18,75,5,70,1108686708723156157,Apartment in Floridablanca,01/18/25 - 01/21/25,161,18,4.93,4.93 (15),5,https://www.airbnb.com/rooms/1108686708723156157?check_in=2025-01-19&guests=1&adults=1&check_out=2025-01-22,41,3,123,0.7639751552795031,15,23,38,0.2360248447204969,1 king bed,18,true,true,,,,,true,,false,false,,,,,,,,true,,,,true,,,,,,,true,true,true,,,,,,,,,,,,,
17,85,20,65,32015488,Apartment in Bucaramanga,01/18/25 - 01/21/25,144,15,4.88,4.88 (164),6,https://www.airbnb.com/rooms/32015488?check_in=2025-01-19&guests=1&adults=1&check_out=2025-01-22,37,3,112,0.7777777777777778,12,20,32,0.2222222222222222,2 beds,17,true,true,true,,,,,,false,,true,true,,,true,,,true,,,,,,,,,,,,,,true,true,,,,,,,,,,,
10,110,50,60,715417278609627990,Condo in Bucaramanga,01/18/25 - 01/21/25,115,9,4.82,4.82 (101),7,https://www.airbnb.com/rooms/715417278609627990?check_in=2025-01-19&guests=1&adults=1&check_out=2025-01-22,29,3,104,0.9043478260869565,11,16,27,0.23478260869565218,3 beds,10,true,,true,,,,true,,false,,,,,,,,,true,,,,true,,,,,,,true,,,,,true,true,true,,,,,,,,
15,100,45,55,47511245,Apartment in Floridablanca,01/18/25 - 01/21/25,128,10,4.78,4.78 (45),8,https://www.airbnb.com/rooms/47511245?check_in=2025-01-19&guests=1&adults=1&check_out=2025-01-22,31,3,92,0.71875,18,18,36,0.28125,1 queen bed,15,true,true,true,,,,,,,,,,,,true,,true,,,,,true,,,,,,,,,,,,,,,true,true,true,true,,,,
6,135,85,50,543500120672863941,Apartment in Bucaramanga,01/18/25 - 01/21/25,70,2,4.75,4.75 (91),9,https://www.airbnb.com/rooms/543500120672863941?check_in=2025-01-19&guests=1&adults=1&check_out=2025-01-22,17,3,52,0.7428571428571429,8,10,18,0.2571428571428571,,6,true,true,true,true,,,true,true,false,false,,,,,,,,,,,,,,,,,,,,,,,,,,,,,,,true,true,,
8,120,75,45,27137978,Apartment in Bucaramanga,01/18/25 - 01/21/25,84,4,4.74,4.74 (222),10,https://www.airbnb.com/rooms/27137978?check_in=2025-01-19&guests=1&adults=1&check_out=2025-01-22,22,3,65,0.7738095238095238,7,12,19,0.2261904761904762,,8,,true,true,,true,,,,false,false,,,,,true,,,true,,true,,,,,,,,,,,,true,,,,,,,,,,,true,
11,110,70,40,1216827046005933428,Apartment in Bucaramanga,01/18/25 - 01/21/25,89,5,4.64,4.64 (25),11,https://www.airbnb.com/rooms/1216827046005933428?check_in=2025-01-19&guests=1&adults=1&check_out=2025-01-22,22,3,67,0.7528089887640449,9,13,22,0.24719101123595505,,11,true,true,true,,,true,,,false,false,true,,,,true,,,true,,,,,,,,,,,,,,,,,,,,,,,,,,true